{
    "class_prob": {
        "A": 7.364153256172094,
        "B": 7.02493753360513
    },
    "cond_prob": {
        "A": [
            {
                "1": 4.422478327393941,
                "17": 4.710160399845723,
                "4": 5.169692729224162,
                "0": 5.423926867608404,
                "2": 4.476545548664218,
                "7": 5.245678636202085,
                "15": 5.058467094113938,
                "11": 4.790203107519259,
                "13": 5.1430244821420015,
                "18": 4.89940239948425,
                "12": 4.89940239948425,
                "10": 4.86431107967298,
                "5": 4.304695291737557,
                "16": 4.997842472297503,
                "9": 5.028614130964257,
                "8": 4.997842472297503,
                "3": 4.89940239948425,
                "14": 4.422478327393941,
                "6": 4.827943435502106,
                "19": 4.750982394365977
            },
            {
                "4": 5.338769059268097,
                "8": 4.997842472297503,
                "15": 5.087454630987191,
                "16": 5.382254171207835,
                "3": 4.710160399845723,
                "14": 4.750982394365977,
                "19": 4.710160399845723,
                "9": 4.240156770599986,
                "6": 4.667600785426926,
                "12": 4.710160399845723,
                "11": 5.169692729224162,
                "0": 5.220986023611713,
                "13": 4.86431107967298,
                "2": 4.1711638991130355,
                "7": 5.058467094113938,
                "10": 4.365319913553993,
                "5": 4.790203107519259,
                "17": 5.220986023611713,
                "18": 4.827943435502106,
                "1": 4.790203107519259
            },
            {
                "1": 5.338769059268097,
                "10": 5.539439754730248,
                "0": 4.827943435502106,
                "6": 5.195668215627423,
                "8": 5.659240954542868,
                "9": 5.338769059268097,
                "7": 5.028614130964257,
                "5": 5.444129574925922,
                "12": 5.087454630987191,
                "14": 5.115625507953887,
                "11": 4.89940239948425,
                "2": 5.087454630987191,
                "13": 5.463932202222102,
                "3": 4.422478327393941,
                "4": 4.710160399845723
            },
            {
                "9": 5.849594683034088,
                "7": 4.89940239948425,
                "8": 5.766213074095036,
                "6": 6.096454760965613,
                "4": 5.575157837332327,
                "3": 5.115625507953887,
                "2": 5.751614274673884,
                "0": 4.966093773982923,
                "1": 5.93882581676203,
                "5": 5.245678636202085
            },
            {
                "6": 5.875911991351461,
                "2": 5.862839909784108,
                "0": 6.117074048168349,
                "7": 5.423926867608404,
                "4": 5.836171662701947,
                "3": 5.849594683034088,
                "1": 5.721761311524203,
                "5": 5.766213074095036
            },
            {
                "0": 5.557458260232925,
                "3": 5.766213074095036,
                "7": 5.521090616062051,
                "4": 5.766213074095036,
                "5": 6.250605440792871,
                "6": 5.888815396187368,
                "2": 5.575157837332327,
                "1": 6.020742939229916
            },
            {
                "2": 5.950947177294375,
                "3": 5.974757825988093,
                "4": 5.115625507953887,
                "7": 5.950947177294375,
                "1": 5.974757825988093,
                "0": 5.862839909784108,
                "5": 5.901554421964798,
                "6": 5.575157837332327
            },
            {
                "T": 7.487943938962608,
                "F": 6.820373600192312
            }
        ],
        "B": [
            {
                "15": 5.090198116932941,
                "7": 4.06854686940096,
                "6": 4.962364745423056,
                "14": 5.238618122051214,
                "9": 5.129418830086223,
                "10": 5.4266703535541545,
                "17": 5.090198116932941,
                "8": 5.00681650799389,
                "19": 4.867054565618732,
                "3": 4.915844729788164,
                "13": 3.817232441120054,
                "1": 5.238618122051214,
                "11": 5.090198116932941,
                "12": 5.238618122051214,
                "5": 4.704535636120957,
                "2": 4.704535636120957,
                "16": 3.9507638337445767,
                "18": 4.815761271231181,
                "0": 4.57937249316695,
                "4": 4.57937249316695
            },
            {
                "14": 4.643911014304521,
                "10": 5.00681650799389,
                "7": 5.238618122051214,
                "13": 5.049376122412687,
                "5": 5.4266703535541545,
                "4": 4.06854686940096,
                "3": 5.129418830086223,
                "18": 4.867054565618732,
                "19": 5.129418830086223,
                "0": 4.867054565618732,
                "9": 5.238618122051214,
                "12": 4.867054565618732,
                "17": 4.57937249316695,
                "2": 5.203526802239944,
                "15": 4.57937249316695,
                "8": 4.915844729788164,
                "1": 4.915844729788164,
                "16": 4.356228941852741,
                "11": 4.5103796216799985,
                "6": 4.436271649526278
            },
            {
                "0": 5.608991910348109,
                "12": 5.4266703535541545,
                "4": 5.534883938194387,
                "3": 5.534883938194387,
                "9": 4.761694049960905,
                "11": 5.655511925983001,
                "7": 5.508908451791126,
                "13": 4.704535636120957,
                "10": 4.761694049960905,
                "2": 5.203526802239944,
                "14": 5.049376122412687,
                "5": 4.867054565618732,
                "6": 5.00681650799389,
                "1": 4.915844729788164,
                "8": 4.1739073850587864
            },
            {
                "3": 6.030205375424412,
                "1": 5.860306338629015,
                "6": 4.915844729788164,
                "2": 4.915844729788164,
                "0": 5.803147924789066,
                "4": 5.4266703535541545,
                "5": 5.803147924789066,
                "7": 6.030205375424412,
                "8": 5.238618122051214,
                "9": 5.129418830086223
            },
            {
                "4": 5.860306338629015,
                "6": 6.147988411080796,
                "3": 5.534883938194387,
                "0": 5.337058194864467,
                "1": 6.1198175341141,
                "7": 6.045709561960377,
                "2": 5.896673982799889,
                "5": 5.203526802239944
            },
            {
                "1": 5.482240204708965,
                "2": 6.175387385268911,
                "3": 6.175387385268911,
                "4": 5.965666854286841,
                "5": 5.16715915806907,
                "7": 5.878655477297212,
                "0": 5.914373559899291,
                "6": 5.337058194864467
            },
            {
                "3": 5.699963688553836,
                "4": 6.253348926738623,
                "1": 5.203526802239944,
                "2": 5.397682816680902,
                "6": 6.240770144531762,
                "7": 5.721469893774799,
                "0": 5.896673982799889,
                "5": 5.699963688553836
            },
            {
                "F": 7.506111895233991,
                "T": 6.783977177800793
            }
        ]
    }
}